Tahun,Comments
2020,??
2020,sisca gaada niatan buat kandang ayam modern gitu? nanti kontak2 ke aku biar aku bantu kenalin dan jelasin
2020,@bintarikarina emangnya kamu (?) masak rendang aja 3 hari 3 malem... awowkwkwkw
2020,Sisca kalo cebok dicebokin mesin apa sendiri?
2020,??
2020,???
2020,Pamer2 begitu bapak dan emak kamu gak risih ya
2020,Suu
2020,@zxywvutsrq00 dia bocil beb.. bocil komen  wkwkw
2020,"@bintarikarina yg gak pahaam sittu, gak tau medium well sm medium rare ya??? asal wae ngmong ga bisa masak.. sittu yg ga paham.. taunya gosong?? apa gimana??"
2020,@fajar_gumanty bitter ???
2020,Pliss
2020,Dan orng jaman sekarang atau makanan tradusional orang dulu
2020,Makaknann teradisional dong biar ingit jaman dulu
2020,Btw judul lagunya apa ya ini ?
2020,Wow? mahal sekali abri badi
2020,diace hardware ni mesin 10 jt
2020,baiuh 55 jt
2020,"@ulyaa09 dgn maskawin alat gril di bayar cicil,"
2020,"@zxywvutsrq00 hhhhhha ?gatau dia medium rare,rare medium, taunya gosong"
2020,@zxywvutsrq00 haha. Balik lagi ke bahan dagingnya. ?
2020,"@bintarikarina wkwk orang miskin mana ngerti yang namanya medium rare, taunya well done sama overcook doang?"
2020,mateng merata katanya orang dalemnya merah gitu nggak bisa masak bilang??
2020,sng umahe sek pawon mundur
2020,@nganuwaeee @bimozh ?
2020,Matangnya merata...*gua yg liat dalemnya mentah ?
2020,@kesyakuu16_ BERULAH KOE RUAA??
2020,@anesiabrisam_ @dewiku_03
2020,@thomaskurniawan28 saya tidak mendoakan... Saya hanya meng umpamakan.. Liat baik baik kata kata saya om...
2020,@fajar_gumanty hati2 saja doa jelek bisa kembali ke pemilik nya
2020,@thomaskurniawan28 ? memang bner ko tertulis jelas di kitab suci.. ... Iri sih pasti.. Tapi saya ngga dengki
2020,Siska kalo kentut wangi kali ya bukan bauuu ....
2020,@fajar_gumanty lu iri atau gmn sih? Pakai bawa2 Firaun lagi
2020,@gxjrx  halah firaun aja bisa bangkrut tuh ???... .. Qorun juga bangkrut.. ???
2020,@fajar_gumanty bangkrut yakali ortunya juragan sembako di kampung ? wong ini anak sering bolak balik liburan ke luar negeri udah pasti bisnis ortunya juga ga main2 invest sana sini duitnya kaga abis2 coy
2020,@cempakayk sory lu ntn aja ?
2020,?
2020,@robyrusdiantoo ?.. Bukan tolak ukur... Kepastian.. Fir'aun aja bangkrut
2020,@fajar_gumanty pamannya aja orang kaya no 18 dunia jer
2020,Juaraaaaak
2020,@iyankayy nanti aq beliin ini yaaa biar qm semangat masaknya....55.ooo check ?
2020,@dimsthemeatguy
2020,@mq_r282 iya anak nya kaya karna ortunya.. ?
2020,"@fajar_gumanty Kalo anak nya udh kaya bnget buat kita, orang tuanya apa lagi?"
2020,Auto pingsan njir
2020,Review mesin ???
2020,Orang tuanya bangkrut. ..pasti nangis?
2020,siscakohl hrs ikutan mastercep dongs
2020,Grill??
2020,Salfok sama gelasnyaaa dahh ?
2020,@dhinachi mun kita jelas kada
2020,@haidaraji_ Duek e gak entek entek
2020,@anna_ryana31 tamakan jua kh daging msih merah kyitu
2020,@dhinachi fokus k warna cantik daging nya pink k merahan?
2020,@anna_ryana31
2020,@sabila8091 aku suka sekali?
2020,@inigisss29  mari kita coba
2020,@mardethe_ ngeremehin listrik sultan lu bang?mau pln nya dibeli sekalian??
2020,@raihanfirdaus712 ngakak bang?
2020,@ronaaldii ya kali aja ada... kan banyak manusia...
2020,duitnya ga abis abis dah
2020,Gw yang masih make mejikom buat masak mie be like: dah lah
2020,55.000000????
2020,@sukma.widyaa
2020,@ff_reeffir_e69 mana ada org miskin jirr kawasan PIK
2020,Ngakak?
2020,@ff_reeffir_e69 di perumahan mewah kaya di PIK pemulung kaga boleh masuk komplek perumahan bang ? ojol yang nganterin gofood paling kasta terendah disana ? keluarga saya ada yang ojol alhamdulillah engga susah kalau cuma sekedar makan ?
2020,"? mantap2 kapan2 deh aq beli buat masak di rumah,smentara pake kompor miyako dulu gas melon 3kg"
2020,@sudutlampung_com wkwkwk kasih paham !!!
2020,Mari kita pukul wkwk
2020,@sudutlampung_com wkwk siapa tau kan klo ada gimana bang?
2020,Ginjal ku bergejolak cek
2020,@sudutlampung_com ?
2020,"@ff_reeffir_e69 dia tinggal di komplek perumahan mewah, kaga ada orang miskin di sekitarnya"
2020,Mampus lo 55jt njir
2020,@daudharieyanto
2020,@ayukris_02 mari kita cobaaa??
2020,Gatau orang di sekitarnya gimana susahnya nyari makan ya... hehe...
2020,Aku masak daging aja di panggangan kompor?
2020,Kerja keras biar bisa makan steak tiap hari @irfaneknnda
2020,@bajubarong.etnik.daster dikepoin*
2020,"Kami jual baju barong yg dipakai Sisca Kohl ya kak, silakan dikepom ?"
2020,Iki omah opo restoran wkwkkw
2020,@kanittiga DIHHH ADA AKUN BODONGGGG
2020,Gak jeglek tuh listriknya ya?
2020,Nada video siscakohl lebih asik dari pada nada suara adeknya tau cit @citracidel
2020,Plisss next nya review mobil TESLA buat temenku ini @jessica.claudia
2020,"Abis makan nih, pas mau PUP rasa rasa sayang gitu. Soalnya harga yg di makan mahal mahal semua?"
2020,@hafizhmhmmd_17 400juta ?
2020,Ngilerrr gua ?
2020,Aowkwkwkwk Aseng berulah
2020,Anajay cantik bener bismillah 5 juta?
2020,@theresiamargarethaa diem aja deh china miskin
2020,@hafzaifa bisa jadi karna bapaknya dia ngerantau ke indonesia. Trs dia emg dari lahir disini. Orang2 chinese kan suka ngerantau2. Gatau juga sih kebetulan aku bukan sodaranya sisca :"))
2020,"@kariskaptr maksudnya mereka kan ngomong indo lancar banget, yg punya tencent bukannya murni cina?"
2020,@hafzaifa lah emang dari tampangnya sisca kohl orang mana? Arab???
2020,@kariskaptr seriusan dia keponakan CEO tencent? Yg punya tencent kan org cina (?)
2020,Ayoo bangun. Ayo bangun... Kerja kerja kerja.. Jgn nge halu mulu wkwkwkw . Punya grille 50jt . Tanpa kerja
2020,@adit.praatama wanjayy... Serem beud cemilannya ??
2020,??
2020,Daging nya masoh mntah
2020,@agus_revolution ?
2020,??
2020,Bikin yang chimmy ci
2020,Tata cimi sisca plis????
2020,??
2020,?
2020,Koya plis
2020,Rj
2020,Ka bikin cimi ka??
2020,Ka him in dan Kota ka
2020,kakk baless dm saya dong ?
2020,Yang kuning sama yang biru kak
2020,Chimmy dan koya kak
2020,Chimmy dan rj
2020,Rj dan fan
2020,Mang
2020,Shooky dan rj
2020,Cimi sama koya
2020,Koya dan kuki
2020,Karakrer koya dan van
2020,RM SAMA KUKI
2020,RJ sama CHIMMY
2020,cimi dan koya kak pliss
2020,shookyyy
2020,rj dan tata
2020,rj
2020,kk rj sama chimmy
2020,Koya dan shooky
2020,Chimii kak
2020,RJ dan COOKY dong
2020,Chimi kak
2020,Cimi
2020,@wintangwanudya
2020,Cimi???
2020,mevah ya warnanya wkwkwk @robertussetiadi
2020,Koya sama RJ
2020,Bias ku taekook
2020,Bikin Chimi dan koya kak
2020,Cimi  dongkak
2020,Karakter koya dan chimmy kak plz
2020,Ya ampun. Mau sama yg bikin Tata
2020,Karakter blackpink  kak
2020,Bikin cimmy dan koya kak..??
2020,??
2020,Sehingga tgl. 20 Juni ibu bs mengolah nilai.nya sebelum rapat pleno tgl. 21 Juni..
2020,??
2020,Rj chimmy sohoky
2020,kakak aku ARMY
2020,Yang cimmy
2020,Pls bikin chimmy
2020,Kak..bikin yang Mang sama Chimmy kk
2020,Chimmy
2020,"Humorku sebatas ""cooky botak, tata botak"" ?"
2020,bikin hot chocolate army lagi dunk @siscakohl @aliyyah.kohl ?
2020,shookyyyyy
2020,Koya dan RJ kak plis
2020,Kak buat (koya dan chimmy)
2020,Kak RJ
2020,Kakak sisca simi mang ka
2020,@ttantyynxv Tuh bikin sanaa
2020,Chimmy ka
2020,https://chat.whatsapp.com/JlObl6w1jHQ6ToYEblFkRV kk sisca khol mau masuk grup army aku ga kk
2020,Bikin lah ?@nurarifni_16
2020,Mau chimi dan shorkie
2020,dijual jg laris inisikk chocobomb character
2020,KOYA
2020,Kak bikin karakter chimmy sama mang kak
2020,koya plis
2020,Koya sama mang kak
2020,Emang itu teh kukitata tuh peliharaan kalo emang peliharaan itu nama nya apa peliharaan nya
2020,Kak bikin ciymiy dan rj
2020,Bikin karakter chimmy boleh ga kaka siska kohl
2020,Chimyy
2020,Karakter chimmy kaa sisca
2020,Karakter chimmy kak
2020,Chimmy
2020,Mang ka
2020,Auto bookmark wkwk
2020,Rj sm shokky pasti gampang banget karna warna nya basic?
2020,Chimiy dan koya
2020,??
2020,Rj dan shoky ka
2020,Karakter chimi donk kak
2020,@nadiaajengsari  iya pen bat
2020,Bikin karakter boboiboy dan kawan -kawannya
2020,Cihimi
2020,Semua karakter bt21 dong
2020,Muka nya aja bts
2020,CIMMY
2020,Kk bikin yg RJ sama CIMMY
2020,Chimmy sama rj
2020,Chimmy dan Koya kk
2020,Chimmy?
2020,gemeess bgtt ??
2020,Kak coba bikin versi semua BT21 pasti gemoyyy?
2020,Van dan mang plis
2020,Kaka coba bikin coklat semua bts
2020,Hello Kitty kak
2020,Skzoo kak
2020,Kakak bikin bt21 chimmy koya
2020,?
2020,Blek Ping kak
2020,tata
2020,??
2020,Terang bulan
2020,@ningsih_403 ??
2020,kakkk bales dm tolong
2020,Di tempatq namanya lopes
2020,Di tempat ku martabak manis/ terang bulan
2020,@devinuruladini mending beli aja mom wkwk
2020,@gpamekas
2020,Terang bulan kak
2020,@sopsopsoppp AYO KITA MINTA
2020,Tarang bulan
2020,Ditempat ku namanya terang bulan
2020,@najelaecca
2020,"Di tempatku namanya apam pinang, ada jg beberapa yg bilang martabak manis"
2020,Sama kak martabak manis
2020,@r_julv tapi yg makan kamu
2020,Kalo aku namanya sinar bulan
2020,@febiyanamyn_ ????
2020,Kalau dipun nya ku mar tambak manis
2020,Bikin macaron bt21 ka
2020,@zahraaqh saya tidak suka:)
2020,@itswibs @tyorizk
2020,Kak buat makanan yang terbuat dari cokelat yang enak dan lumer
2020,Bikin color kak
2020,Teramg bulan
2020,Itu bukan martabak itu kue bandung?
2020,tempe mendoan cek ??
2020,Knp masak di kamar terusss? kali" di dapur dong
2020,gapunya alatnya doang cek
2020,Terang bulan?
2020,"Ka. Bikin. Gulali. Dari. Ayam. KFC. Dong,. T ini"
2020,8
2020,"Enakk ya ga pake parkir, gapake antri kalo pengen apa-apa langsung buat dikamar everiting ada ?"
2020,Request martabak tai kak
2020,Terang bulan
2020,@danishalukenza ??
2020,@febryani13_ salam damai ???
2020,Teramg bulan ??
2020,@yuniperot i find u:v
2020,Say brpa takarannya di tulis dong?
2020,@inta.nia03 aku juga terang bulan di kaltim
2020,@_zhrnnisa
2020,Tarang bulan ?
2020,Klok di daerah ku terang bulan
2020,@igd.yudasaputra_03 dikalimantan jg terang bulan
2020,@nameera.27 Aku dari bali
2020,Didaerah ku nama nya martabak mahal?
2020,Itu tepung terigu nya pake protein apa kak??
2020,Terang bulan namanya di sini
2020,Terang bulan namanya
2020,mulai bersarang @magsfir
2020,Yg triphobia mana suaranya???
2020,Ka bikin cakwe hantu goreng itu ks
2020,Martabak telur donkk (martabak asin)
2020,Kak coba bikin martabak manis yang topingnya macam macam selai
2020,@cindyyy67_
2020,Martabak  manis
2020,"@hakaanr bnyak konten makanan lainnya, cuman bukan dompet pelajar, karna pake emas semua:("
2020,@hakaanr
2020,terang bulan
2020,@syafira_amalia_09
2020,Terang bulan
2020,Kk masak bakso k
2020,@siscakohl makan pinggir jalan chekkk
2020,Terang Bulan:v
2020,Kak taruh komposisi setiap bahannya
2020,Buseettt kalengnya sampe penyok ?
2020,Apam kebeu kk
2020,Kk masak burger donk
2020,saya nak perisa bawang
2020,Kk buat martabak pakai keju mozarella donk kk
2020,Terang bulan ciiii
2020,Terang bulan ciiii
2020,2
2020,Kak minta takarannya dund :)
2020,Terang bulan
2020,@belskuyy sama gw juga
2020,@dalilatihusnah muak.. ????
2020,"@zhuuying hahaa, bener.. tunggu aja kalo umur udah mw 30 th, pas di medical check up.. keliatan dah tu gula darah meningkat, plus fatty liver.. ?"
2020,Itu mata nyh ke kamera mulu apa g tumpah adononnyh
2020,@ruth23421 iyaaa hahahah
2020,@clarisacndr  @_putriew_
2020,ci bikin es cendol dong
2020,Mamah @mbhlakh buat ih?
2020,kamarku adlah dapurku
2020,gatau kenapa gue kesel aja liat mukanya  sama suara nya
2020,"Itu knp ga dikeluarim dari loyangnyah, dan menurutku terlalu kentel adonannya"
2020,@najwakhairunnisa14 gawe yok sayang
2020,@aiis.ssss hyu bikin
2020,Geli gue liat terang bulanya
2020,@tas.yaaaa_ kuy
2020,Cara dia ngeluarin skm nya :')
2020,kalau kat malaysia makanan tu dipanggil apam balik
2020,@keysiaparerung yoii
2020,@linda_puspita_sari3
2020,@neyungtan
2020,Nada ngomongnya bikin bengek ako ??
2020,@anggernovando__ ?
2020,@margaretarrr boleh
2020,@anggernovando__ bikin yuuk
2020,Di tempat ku namanya tersng bulan
2020,Martabak?? Bukan nya martabak itu yang telor dicampur sayur daging trus ditutup pakek kulit lumpia atau sejenis nya?
2020,@keysiaparerung BENER BANGETTT
2020,Ka ganggu g aku bomlike? Maaf yah ka . Soalnya aku ngarep bgt dapet hp buat suami aku kerja. Hp nya mati2 terus. Aku stop bomlike nya takut ganggu. Kalau masih boleh bomlike ayo aku siap ??
2020,Kak. Kl mau Halloween ke Wyndham hotel di Casablanca jakarta aja ?
2020,@sheeeeenya aku sudah mengikutinya dari dulu ??
2020,@aykhrnsa sampe sini maksutnyaa
2020,@sheeeeenya kenaffa aku ??
2020,Ada @aykhrnsa
2020,??
2020,Dahlah ini mirip @primarifqah wk
2020,@dayana.syafira.12 iya ya
2020,@clubantikere palingan udah dicuci sebelum buatnya
2020,Cosplay Belle delphine
2020,Kalo sisca KHOL apanya??
2020,lucu jg mienya jd item
2020,"Tadi itu ada ,kembang kol, @Sisca Kohl,dan #aliyyah Kohl"
2020,Aku suka ide buat bikin matanya kreatif banget
2020,Sadis banget
2020,Itu brokoli ngga di rendem air garem uletnya banyak loh
2020,Lagu nya gak cocok sumpah
2020,Hollowen kok baju nya hak serem
2020,aliyya mukanya anime banget
2020,@aullllllllllllllllll wkwkwk ngestalk ampe bawah ya lu? Wkwk
2020,@viniarnti jadi inget sayur bapak gue dikasih pewarna wkwkwkwk
2020,Woww kreatiff bgt!!!! Keyeeennn???????????????? @siscakohl
2020,??????????????
2020,@mailythaellena ??
2020,Kreatif bgt?
2020,Gw kira yg iyem itu mi ghost paper
2020,@devisetyarini ?
2020,????
2020,Headsetnya .... ?
2020,@ebgmyyy ?
2020,"ada barang bagus nih kak , sudah saya dm"
2020,??
2020,"Halo ka cantik, cek dm ya?"
2020,Mienya serem beut gak sih ?
2020,?????
2020,Freaky njirrrrr
2020,Ade lu ko dari awal cuma ????????
2020,Aneh pasti rasanya?
2020,Serem
2020,Aneh dahh hadeuh ?????
2020,Ekpresi ade nya lucu bgt setiap video ??????
2020,Pasti Rasanya Seperti Anda menjadi Iron man??
2020,Im so scared
2020,Firstttt
2020,Woohhoo
2020,Bikin ngilerrr
2020,Adenya tertekan ???
2020,??
2020,?
2020,????
2020,??
2020,Susah bgt bikin nya
2020,wkwk @riasitamayang
2020,Sultan tapi tutup panci nya??
2020,@elland_smithh yuk
2020,@arrifa_nr22
2020,@megiegie
2020,@novenitaaaa
2020,Mukbang jajangmyeon dong kak please...
2020,ndak ngerti aku dia bilang ocujang majujang
2020,Di spa auto meninggoy sumpah !!
2020,Hyng Odeng ii @risya.echaa @pptryni___ @sintaa_hr
2020,Kak mukbang macaron
2020,Mukbang mie samyang dong kak
2020,@sekarfitrianisahh
2020,pengen makan ini @cikmat_sef @yudik110
2020,gak usah nnton drakor kalau segitu enak makannya kak ya Tuhan
2020,"@luciargya kalau itu no comment ,tp gue lbh prefer bikin makanan sendiri dr pd jajan di warung nyokap gue dr kecil suka bikin makanan dirumah lbh hemat dan kenyangin dr pd jajanan diabang2 atau warung actually,kalau di hitung2 pengeluaran lbh better bikin makanan sendiri toppoki 30rb udh bisa kenyangin banyak satu rumah jg"
2020,"@rianimb94 hmmmmm mnrutku sh mhal soalnya lebih mnding buat jjan anak dri pd jjan aku smpe sgtu? ,, beli mie lidi aja q mahh udahh, sneng bgt,, ?"
2020,@thrsnstsy_ semahal2 paketnya ratusan ribu yg 100rb banyak direstoran mahal bgt ?
2020,"@thrsnstsy_ mahal bagaimana toppoki ada yg 30an rb jg ada dishopee mbak kimchi gue beli di diamond cuma 40an rb trs keju nya pakai yg indonesia di diamond murah2,terus pakai ramyeon gk sampe 100rb paling mahal 50rb dr pd beli di restoran jauh lbh mahal gue suka bikin dirumah terus buat bikin gimbab nya bikin sendiri bahan2 muda dicari"
2020,MAU
2020,@aanggrianii_ shiittt
2020,@filly.sairdekut
2020,masih ingat rasanyaa gak ? @syasamitalya_98
2020,@amel_ramadhani19 hayukk
2020,@feronicaandinii Bikin ini besok yok kak
2020,Kenapa Nggak Buat YouTube Buat Mukbang Atau Asmr Aja Kak
2020,@rinirchoiriyah ???
2020,@adeelysa ???
2020,@mutia_syofianita ngiler dk nii ? ?
2020,@akfltkgldlalwl
2020,@inn.frh gaskeun. beli bahannya
2020,@choo.1112 beneran lah kuy gas?
2020,@inn.frh mungkinkah wacana
2020,@choo.1112 buat yuk?
2020,Halal gk?
2020,@larisaoctaviane @innekerizni sama aku juga pengen beli aja. kalo bikin takut aku yang disuruh masak ?
2020,@larisaoctaviane sarua tp ingn beli soalna klo dimasakin tkt ga enak??
2020,Hayang bikin ini @kharisyabella @innekerizni
2020,asli si topoki itu rasanya kaya cilokkk ????pernah coba
2020,Samyang kak
2020,aku mau kalin mukbang mi
2020,Rapi banget si masaknyaa?
2020,"Kak, beli bahan nya dimana.. jadi pengen ikut beli aku"
2020,@dnrsntk trims mbak ?
2020,"@tasbajubogor31 suki, isinya keju pasta"
2020,"gaiss.. .yg bulat kerucut warna orange belang2 itu, namanya apa ya ??"
2020,@derasagustini emm enyak
2020,@daniadewantari
2020,Ga ngebul tuh kamer
2020,"Odeng,rasanya seperti anda menonton K-Drama."
2020,?? @c.msll
2020,@lemonchild04_ jadi pengennn?
2020,Beli bahan nya yg susah? beli bahannya dimana kak?
2020,Makan corndog mozarella dong
2020,Mukbang pitzza????
2020,Fix adeknya yang kiri mirip lu @pshty15
2020,Mukbang mi samyang pakek jabe rawit di potong potong minum kalau sudah habis??
2020,@ernatrise ?
2020,@tasyaamia
2020,Kak beli nya di mana?
2020,gg jd lafarr.. bagi pls ?
2020,@cymberlyn_ ?
2020,seakur itu dia dengan kakak nya?
2020,@dl_septiana buat lah kau del
2020,@_05nayshella selera kli aku dos
2020,@gismanwwe drmhta ada mi background hijau to ?
2020,"@dianpermatasari_18 yuhuuuiii... Dipikir pikir dulu apa2 yg mau dimakan, trus tempatnya bagus dimana?"
2020,@putriayucwr ?
2020,@dianpermatasari_18 ahhh aku trharu ??
2020,@gismanwwe dtg pi bunda @putriayucwr
2020,Kapan2 kita Mukbang gaesss @dianpermatasari_18  @nisfss @wardilaaulia @putriayucwr
2020,@faridsuhmanar
2020,@iceteamochi  sal ?
2020,Gimana kalo mukbang minuman hits yg lagi vira dikorea tapi diatas rumah.. Bukan teras ok... This challengge dan buat minumanya pun diatas rumah ye????????
2020,cakep banget cici
2020,Plis
2020,Mukbang corn dog
2020,"@ebellaverrr itu biasanya harga perbungkus nya mayan mahal sih bagi kita yg pas""an, kya mau beli mikir dlu mending beli yg lain yg lbih murah dan mengenyangkan ?"
2020,Bikinn laperr
2020,@luciargya gaada hubungan miskin sama makanan kayak gitu
2020,????????
2020,mukbang makanan india
2020,Mauu mkn kek gituu?aduh tapi aplah dya orang miskin sprtiku?
2020,Kalo di tiktok rame nihh pasti:)
2020,"Jual puff pastry homemade, silahkan mampir ke ig kami ?"
2020,beli pastry nya dmn?
2020,Wawww lumer
2020,@faina_nabila04 kalo mau beji baju preloved kesini aja kak @kafca.thrifted . Selamat mencobaaaa ?
2020,Nyenyenyenye
2020,@astried_oktaviani bikin inii hayu
2020,"Pinter deh, udah kaya kreatif ?"
2020,@nhiebhiehuruhara
2020,Kaka mohon bantuan doaa yaa kami di Kalsel kami kebanjiran hampir satu provinsi kena dampak nya tapi alhmdulillah ini sdh surut???boleh ngk kalo aku mau beli baju kka tapi yg prelovee yg udh ngk kepake juga ngkppa aku mau beli boleh? Nnti kalo boleh kabarin aku yaaa @siscakohl
2020,Croisant ga itu?
2020,@putriihannas
2020,@viola ga we o ol nko aku tk rewangi ngentekne?
2020,Gemoyyyy ??
2020,Mukanya hampir persis
2020,@blue.matcha_ kamu aja mbuatin aku gimana?
2020,Kreatif ya kalian?????
2020,@mommy_bunga.arkana shopee
2020,Bebeb endutan ?
2020,@icedventilatte ayo buat kek gini
2020,Aku salfoknya sama pipi kalian berduaaaa ??
2020,Yummy?
2020,Makin buled ya pipi KALIAN ??
2020,Enak sekali kayaknya
2020,@mommy_bunga.arkana di frozen food.
2020,Kak di goreng bisa gk
2020,Gemes sm aliya
2020,???
2020,Mba mau nanya beli puff pastry instan nya dmn yaa? Jd Pgn buat jg ?
2020,Enakkk?????
2020,Suka liat kalian senyum d video keliatan kl kalian loyal????
2020,Hii
2020,@may_571012  rasanya apa dah
2020,@qwan.nzrdn  betul ??
2020,Ya kami di malaysia aja emang rasa aneh?
2020,Kok suaranya beda
2020,itu beli di mana kak sica ?
2020,"Emang ga enak , aku asli malaysia aja kagak bisa makan . Ogah ?"
2020,"""Mie teraneh yg pernah aku makan"" ?"
2020,????
2020,"Suka bgt yg mi gorengnya, nagih rasanya ???"
2020,Iya aku pernah makan dan itu wek bgt ?
2020,Ada jg @diankhariana
2020,@alyara_ara itu kan cermin_-
2020,Gaenak ya kasihan
2020,@alyara_ara  enggak weh itu kaca itu aliyah?
2020,Di blkg nya ada mamah nya?
2020,Iuuuu
2020,"kak cuba rasa mie kari dari malaysia ??,boleh ngak ?."
2020,Gak usah ngadi2 sis
2020,Hhh..
2020,Gw dari malaysia aja ngakuin mee ini emang ga enak?
2020,Lu perlu lihat artis malaysia makan mee ini dan baru lu tau semua ga suka mee ini kerna rasanya ga enakkk
2020,Salfok sama orang di belakang
2020,@mramdan27 sabar ngab?
2020,"@clara_caroline besok gue kirim ke rumah lu ya buat cobain. Mi sulthan loh itu, jauh belinya ?"
2020,@stella_lupita wah ini mie yg lu blg enak banget itu kan ya
2020,@clara_caroline wkkwkkwk. Ternyata benern kgk enak ???
2020,"dari atas sampai sini gua cuma bisa nelen ludah , terimakasih"
2020,@umi_ch18 favorite vina mi ?
2020,@jimshonneyc ga masuk dilidah aku?
2020,@eva.ifah @umi_ch18 @kiki_setiani @vinaidza
2020,@nurulhalifpah_
2020,Kok semua artis yang makan mi instan boba ini kok gak masuk rasanya kayak rasanya katanya aneh padahal harganya 50 ribu lebih??
2020,@deswita8256 kan nyoba.. Gimana to
2020,Hampir Saja Aku Mau Beli Selusin Buat Ta'jil
2020,@litlychu ??
2020,Trnyata ada beginian gan @vio.letazalea ?
2020,"ngakak yg terakhirr, mj teraneh yg perna aku makan?"
2020,next try Santan Nasi Lemak Pak Nasser dari pesawat airasia?
2020,@ferdianlo
2020,@zakiauthor ih bener banget kesukaan gue itu
2020,@_sgivanti Malaysia pun ga nerima ini KSKSKSKS
2020,@pikrukkriuk ancur cuuuu wadapak ?
2020,@syahidatunharafiah rasa ayam bawang dan Indomie goreng adalah legenda kami ? hidup anak kost
2020,Nih kedoyanan lu @iankurnia_
2020,@zakiauthor gue setuju. Penolong anak kost. Penolong akhir bulan?
2020,@intanpd3 gapingin buu????
2020,@pramestiandr
2020,@restufebriannn_
2020,Suaranya ? aestetic ?
2020,Di sini gue bersyukur dan pengin teriak2 ke dunia bahwa: Alhamdulillah Indonesia punya Indomie yang ga pakai Boba dan kuas teh manis ?hidup Indomie mie enak sejuta umat
2020,Tinggal beli popmie kasih toping cincau aja ? lbih enak ?
2020,@ekyfahmiaa hhih:(
2020,"@ekyfahmiaa wididaaaw, baru diomong kemarenn"
2020,@auraa.wrr MieBobo?
2020,Gaesss @imtihr @darategar @mutiarafinsani
2020,Udh gk enak mlh tambah es batu
2020,Hm
2020,Ya Allah bunnnn???
2020,Gak suka tapi ko di makan
2020,Kala aku udah subscribe vidio kakak lo
2020,@nabilarachmaniaaa
2020,Gue salfok
2020,Kalo laper pasti nikmat
2020,@bu.aaf
2020,@haii.sarr
2020,@melsayuriko22 @filahrnusa
2020,Kalau gue makan aja ??
2020,@editzz.alwi_ halal
2020,@editzz.alwi_ halal
2020,Coba review popmie yg pake nasi ?
2020,@giewgiewbibiph @hardiansyahirfan941 @raudhanp_15 @eti7948 @realfaeyza
2020,@nurilizati_
2020,Terima kasih ya org kaya kerana test makan kami????
2020,Ini reall gk yh kalau reall aku mau follow
2020,Itu dibelakang siapa
2020,k halal gk?
2020,@illaaaaaaaaaaaaaaaa @mariam.siti97
2020,"Fans from malaysia,to me this mi boba taste disgusting ? but it's unique mamee in malaysia?"
2020,?
2020,?????????????????????
2020,@amaliawisab wkkwkwkkwk dikasih juga ogah ye
2020,@jihannbla
2020,@aazzizahhh_ ??
2020,"@nisaaa.21_ Fix lidah gue gacocok, emg enakan indomie kemana??"
2020,@nrhalisahhhh disaranin pke es batu lgii.
2020,"@nrhalisahhhh  wadidaww, yg punya ide siapa sih ???"
2020,@alkatiri_ali
2020,@cakraa.wardanaa indomie malaysia syg rsa teh susu?
2020,Mo muntah aku liatnya
2020,@erikarkml gajauh beda makan mie pake candil ??
2020,@yopsann  patut d coba?
2020,@febiola_162 skipp
2020,@riska_apilla1304
2020,Salpok sama rumah nya?
2020,Belinya dimanaa
2020,??
2020,Es mie boba ?
2020,Penistaan makanan T^T
2020,Detail bgt liat emoji ada bakso nya kakk :') mau resep emoji lainnya kak ?
2020,?
2020,Wahhh enak??
2020,???????
2020,ka sisca kalo senyum manis banget?
2020,Vqjjlaww
2020,Jiwa males ku menjerit ....bikin ngilerrrr @siscakohl
2020,"""masak dikamar cek!"" Tapi bahan bahannya bawa dimana kak? ?"
2020,klo gua makan di kamar aja di marahin emak karna nanti jadi bau katanya
2020,kak.. kakak papanya yg punya mito yaa?
2020,@itz.arza_ toell
2020,@evirafaza
2020,"Kirain org kaya makanan nya beli, simpel, doang eh ternyata hobby buat sendiri juga??"
2020,2
2020,Gw yg di kamar ga suka bau bau dapur ceeekkkk
2020,prank adenya lagi dong........
2020,"Ibu nggadah semua peralatan masak, masak niki yuk.. ??? @nurr_abidin"
2020,Kak supah aku liat video kakak semua bagus bangettttt???????????????
2020,@nsmuthia
2020,@andrians.p hahah ngakak
2020,@andrians.p itukan nasi woy kue beras
2020,Kenapa ga pake nasi???
2020,@elland_smithh nih mukbang
2020,Weh kalian kembar ?
2020,Hwarang
2020,Ada hwarang astaghfirullah?????
2020,_______
2020,Waduh tv nya udh kek bioskop mini?
2020,@megiegie
2020,@andinihwang
2020,taehyung kok di rumah sisca kohl?
2020,Tv
2020,I i itu kan ada teahhyung di ty
2020,hwarangg ??
2020,Aduhh itu si emphi lucu bat dahh??
2020,BTW itu film hwarang nya episode berapa
2020,Coba aja gw kaya gitu auto  berbuat kebaikan
2020,Kertas nya ikut nyemplung??
2020,@priyanto.rudi1993 Selamat mencoba
2020,Pink aja yg merah gaada halal
2020,@haveyzee  kpn2 bli kuy
2020,@rachmadua iya karna yg drakor nya itu taehyung BTS dong ?????
2020,@icengelvandedood
2020,Anjr Hwarang
2020,@mejij_ kita bisa nih bikin ginian ber2 ???
2020,Dia bias v? ?@cblxss.a
2020,Kk aku mau Tabokki dong kk plisssssssssssssssssssssssssssssssssssss??????????
2020,@baiq_hanaq hwarang
2020,Nama filem ya apaa
2020,Ini bukan suara asli dia ya dubbing.. Kalo dia ngomong sm yg jd host Di video beda suara. Apa cuman kedengeran nya aja ya
2020,Salfok sama drakor nya?
2020,Semua dikmar
2020,@djingga_kusuma_567 itu udh ama. MUI nya kalo yg baru belum ada soalnya MUI belum boleh ke Korea pademi tapi kata di pabrik bahanya sama
2020,@zahraaaaaaaaa15_ hyyuk ?
2020,@primakurniawan12
2020,Salfok sma V film hwarang
2020,@phileosh oooooooooooo
2020,@phileosh kata kamu yg baru doang bolong tengah
2020,@phileosh tuhkan bolongg tengahnya
2020,@achwan_darmawan hahaha ?
2020,@mutmainnah_tawakkal tak se enak bacot mereka
2020,@achwan_darmawan
2020,Itu pasti lagi nonton drama Hwarang
2020,@djingga_kusuma_567 yg kuning udah ada logo halalnya
2020,@della_anwar ?
2020,hayuuuu cobain @annisaicha1801
2020,Mau dong
2020,"@djingga_kusuma_567 itu udah halal dari MUI bro.. alkoholnya ada toleransi apa gmn gitu, jadi ini gpp.. beda sama bumbu korea yg kotakan itu nh itu ga halal"
2020,Salfok ama kim taehyung (v) ?
2020,Kak itu kan kim taehyung
2020,@youmiainun iya wee
2020,Salfok Hansung(V) Drama Hwarang?
2020,drakor hwarang ?
2020,@youmiainun iya slfk sma si empii
2020,@eviana_38 halah plastik
2020,@youmiainun bacot plastik
2020,@nabilasalsabilah4 sama aku weeee ?
2020,"@nabilasalsabilah4 ada, tapi mungkin baru beberapa indomaret, g tau indomaret lain"
2020,@afifahfadlliyah di Indomaret bnr an ada?
2020,Aku yg blm pernah nyobain tokpoki bi like:??????
2020,"@destyvillaaa murah kok itu, seinget ku sekitar 30.000 an doang, ada di indomaret juga"
2020,@lizzie.yuzuru ada penjelasannya  lihat di hansol
2020,@evirafaza rasakan itu puw~
2020,@evirafaza
2020,Ak pernah mkn itu enakk?
2020,@piatosss_ tapi ingat ya ada timenya?
2020,Dramanya Hwarang dong??
2020,Dramanya hwarang?
2020,Kaya ada yang jatoh ???
2020,Ada taehyung abg gue itu ??
2020,@shintaameliatata Dita nganu
2020,@destyvillaaa belii apa pun juga bisaa~~
2020,Jadi kangen hwarang
2020,Salfok nonton hwarang pas Tae lagi
2020,@mayeka14
2020,??????
2020,BTW A.R.M.Y. Langsung Kaget Ehh.. Ada Si Empii ??
2020,@geafrdlaa aku sudah check out kak?
2020,@nadiraawahyyu iki lo dirr
2020,@audygrisella udah biar adil kasih ke aku aja??
2020,@lizzie.yuzuru aduh itu kn klo dimasak kandungan alkoholnya hilang wkwkwkwk yakali mui ngasi logo halal klo gitu
2020,@audygrisella  eishhh jngan debat dia itu milikku bukan milik kalian ihhh dasar yaa ngata? in dia milik kalian
2020,@lizzie.yuzuru MUI gak sebodoh itu cuy
2020,W bukan fokus masakan nya dia plototin gw mulu??
2020,Iya iya tau yang kamarnya seluas lapangan
2020,@raffiiiitos dita kerang siapa woy
2020,Salpok  hwarang taehyung
2020,Hwaranggg
2020,Hwarang dong?
2020,@dianastrianii03
2020,@adllsptr shopee lbh murah 10k dripda indomaret
2020,@audygrisella eits bagi 2?
2020,@dsiptrirhyu yok put
2020,"@lizzie.yuzuru udah ada yg konfirmasi kok ntar tteoknya direbus nah pas itu ntar alkoholnya nguap jadi alkoholnya jafi 0% , makanya udah dikasih cap halal."
2020,Hwarang?woga squard?
2020,@ami_lestari.90
2020,@atikrizqisaputri_
2020,@raffiiiitos dita kerang saha?
2020,Semoga aku kebagian dapat iphone dari ka @siscakohl
2020,Wow pesta??
2020,"Kalo kami d Papua bilang terang bulan manis, bukan martabak.."
2020,Hha org Makassar pasti ini?
2020,"@sftx.mizu_ muka siapa, Sisca apa adenya??"
2020,i??
2020,ff?
2020,??????
2020,kak sisca itu nutella nya besar amet dah??
2020,Kak angkat aku jadi adikmu ?
2020,@dawud_badieb
2020,Mukanya sepertinya tertekan
2020,Keren bgt semua ny bisa
2020,Oreo supreme dong??
2020,@markobar1996 ngapain dah?
2020,Martabaaaknya kaaa
2020,@markobar1996
2020,Selamat mencoba?
2020,@puspita.yasmi12 kehidupan temen nya di beli hahaa?
2020,@mhmdzkyv kalo mau temen kayaknya beli deeh.
2020,@puspita.yasmi12 dia mah gk perlu temen kek nya?
2020,Kak punya temen gak ?
2020,Jangan suka makan emas keseringan kk gak sehat..
2020,@twin_hits setiap daerah beda beda namanya
2020,Wah emasnya dimakan ?
2020,Adek nya mau ngasih codet ?
2020,terang bulan gak?? kalo martabak yg di goreng dong kak?
2020,Salfok nutella nya gede banget ?
2020,Wawww mantap martabak karya sendiri ya ??
2020,Nuttelaaanya gedee amatt
2020,@sandrapradita8 bgt bgt??
2020,@destiindriyani_ astagaaaaa hahahah??????
2020,@sandrapradita8 suara mu bgtttttttttt!
2020,?
2020,Besettt nuttela nya gede bgt berapaan tuh:(
2020,"@syafitri4947 ada,bahkan yg berkilo"" juga ada tapi mehong"
2020,Sumpah kok bisa nutella nya sebesar itu ?
2020,Itu nutella nya masyallsh
2020,"nangis liat emas yg bisa di makan, kluarny ttep aja jd ??"
2020,Salfok sama nutelanya karena itu kok besar banget
2020,KK itu emas asli
2020,Martabak tropica??
2020,Tolong itu emas jangan di buang si spiteng yaaa ?
2020,Adiknya mirip Celine tam
2020,@syahraoel07 iya?????
2020,Makkk pen coba nuttela????
2020,Berapa gram kak itu bahannya
2020,??????????????
2020,@scndiniii gmn?wkkw
2020,@divarizky3 Gow
2020,Pengen buat juga Terima kasih resep nya?
2020,@tmsha5_ hayu bikin
2020,Ko kalian bisa masak ?
2020,@divarizky3
2020,@nshm_01 bikin ini yuu?
2020,Takaran tepung nya kira? brp yah???
2020,Et dah nutella segede itu harganya berapa ya? ?
2020,Emas yg bisa dimakan?
2020,@sitisarah1503_
2020,@anggun_dni192 beli yg kecil aja mahal apalagi segitu
2020,Sumpah itu nutellanya gede bnget ?
2020,Duh enak nya jadi orang kaya
2020,Toping martabak ank sultan mmg beda ?
2020,duh enak nya jadi org kaya ?
2020,"kok masaknya persis ama chef yang gak senyum teros,kalau masak lihat kamera teros"
2020,Gk asing .wajah kalian
2020,Emas yang bisa dimakan:) @ayuuumir_
2020,Is it gold? Owww
2020,kak adiknya umur brp??
2020,@rahdianidian awwww ?
2020,@kalea_dina @kalea_dinna
2020,Topping emas dong kak gue wkwkwk
2020,Emas nya boleh gua jual gak
2020,?????
2020,Emas yang bisa dimakan ?
2020,duh pengen martabak
2020,??????
2020,emas yang bisa dimakan :')
2020,Salfok liat yang bagian martabak nya ada emas?
2020,Bisa kaya ngk ya BISAAA.......???
2020,?
2020,aaaa jadi pengen martabak?
2020,Kecil amat gelas nya???????????
2020,@annabellegabriella gelas espresso soalnya
2020,Org : salfok sama sendok emas gw: salfok Ama gelas nya kecil banget
2020,Sendok es krimny lucu sapi??
2020,Hai kak sapa dong kakak cantik?
2020,seduh kopimu sudahi sedihmu?
2020,Tumbwn review barang murah
2020,dia bilang modal 5 rb terus mari kita coba??? ????????
2020,Hai kak pengen di sapa?
2020,?
2020,Suka bgt sm konten2 yg dibuat jd punya pesan stay at home . More creative . Genius sihhhh
2020,modal 5 rb ada emasnya gaesss
2020,Garpuku menangis?
2020,Modal 5rb tapi stlah pake topingnya ga jd 5rb
2020,Ka beliin aku macaron dong?
2020,Video saat nada suara backsound diubah malah jadi aneh
2020,Mau nanya ini sapiteng rumah nya sebelah mana lumayan di tambang ? banyak emas nya
2020,Gelasnya samaan gag smp 10rb wkwkwk
2020,Yg buat ngaduk pure gold gak???
2020,@sarinila28 lahhh merek kui pisan ???
2020,Bs dbkin es krim.? @ashleyrikardo
2020,Siapa yg blm pernah coba maccaron
2020,Halo kak
2020,"Hi kk, gk disapa psti?"
2020,"Pasti disini gada yg ngeh kalo dia salah ngmong, harusnya seduh kopinya ini malah seduh airnya ?"
2020,Coba ahhh... dann you?e so beautiful ????
2020,Apa susahny sih bilng heyy?
2020,Emas???????
2020,Mirip @chloe_t Kak?
2020,Scoop nya lucuu?
2020,"Aku suka banget liat kak sisca dan kak Aliyah masak,aku suka cara ngomongnya kakak sopan dan pokoknya The best ?? sehat selalu kak"
2020,Ka ini akun fanbase baru? berkunjung dong ke akun ini???
2020,Suka banget deh am seleb satu ini .. biarpun orang kaya tp ga pernah sombong .. Sukses teruss ya @siscakohl
2020,Ka bikin pizza
2020,??????
2020,@siscakohl hah di baless?!???
2020,@siscakohl ohh oke ka semangat ya buat ka aliyah? makasih kak udah di jawab??
2020,@vys_revy aliyyah lagi ngerjain tugas ???
2020,@cindy_ocna04 aaaaa terima kasih banyak ya aku seneng banget bacanya?????
2020,@bbyxch_ Love you juga???
2020,@rahelita06 halo?beneran di kerjain ga nih tugasnya??
2020,@sri.muliyani_ hai??????
2020,Waw??
2020,Terima kasih kak sudah tag kita! ??
2020,Jd ngilerr kk ??
2020,Wow ad aib nih sampul videonya??
2020,@aliyyah.kohl kemana kak???
2020,Apalah daya ku Pake garpu pop mie?
2020,Love you kaaa???
2020,Entah kenapa dari dulu pas pertama nnton " masak dikamar check " udh suka aja gtu sama kak sisca dri caranya ngomong sifat nya rendah hati banget sukses ya kak??
2020,Eh ada yg kuning tapi bukan gigi ?
2020,Di sapa auto kerjain tugas hahah
2020,Keknya bakalan enak nih
2020,@nurmasyithahab iya aku dl kerja di pt nya
2020,@viby_fedryusa hah yang bener
2020,udh pernah ini kan sosis dr jaman 2012 udh ada ?
2020,kakk balws dm saya dong ?
2020,@adelio.putri enak nih
2020,?
2020,ka sisca pliss mauu banget sosis boleh ngga kirimin aku aku bukan minta"tapii emang ngga ada dikota aku lagii kosong dan aku pengennn banget semoga kaka bales??
2020,Bagiiii ??
2020,"""akhirnya aku borong""?"
2020,?
2020,"Jangan lupa buat cobain ya, hihi? mana uang nya???"
2020,Kalo yang gak punya oven pake apa kak
2020,?
2020,Beli nya dimana
2020,@zaariii_ halal
2020,Sosis ini enak bangeeettttt!
2020,@ahmadgatra_sp
2020,"@_anas.hidayah8_ yaa klo gitu gk usah di liatin lah muka nya , gitu aja RIBET bgt"
2020,@aesthetiqgurll iya jijik gua liat mukanya
2020,@zaariii_ halal
2020,Apa cuma aku yang gak doyan sosis singler???
2020,Sosisnya halal ga ka?
2020,gie loh @_niswatiuswtnh
2020,@nay_27rahmah *kali
2020,Kek nya dia ga borong di indomaret deh?dia ambil se pabrik nya kalu
2020,"@aingtehmina astagfir, btw knp kita jadi ngobril disini"
2020,@ardinidea_.39 kaga tau
2020,@ardinidea_.39 kepo?
2020,@aingtehmina emang ntar pergi ke Lulu??
2020,@ardinidea_.39 lulu
2020,O jadi elu yang borong sosinya gw gak kebagian woi
2020,@aingtehmina pastry nya
2020,@ardinidea_.39 ???
2020,@aingtehmina skuy lahh
2020,@ardinidea_.39 boleh lah skuy?????
2020,@aingtehmina typo
2020,"@aingtehmina appee, mah bikin??"
2020,@ardinidea_.39 hmmm
2020,Ini aku suka bangat
2020,Yg mininya kag d sebut
2020,Aku sudah pernah coba kak enak banget???
2020,Enak banget tuh sosis ??
2020,@aesthetiqgurll gausa diliat
2020,Yaaaa allah ituuu bnykkk bgtt sosis kanzlerr nyaaaaaa ???? udh kyk gudang
2020,@evtsr05 katanya di indomaret ada
2020,@rahmln_ @dandelionhera beli sosis itu dmnaaa
2020,#puffpastry #pigsinablanket
2020,@aesthetic90slove heh ngawur  tapi ngakak ??
2020,"@aesthetic90slove emangnya knp?, perasaan mukanya baik baik aja tuh"
2020,??
2020,sumpah kesel banget liat mukanya
2020,Cz za
2020,@mitamp11 enakk pisaan tp d indomart langka
2020,kirain pakai filter ternyata emng pakai jepitan rmbut??
2020,gw beli sosis kanzler 1 aja mikir? dulu. ini langsung borong?. yg mau ada di tempat gw banyak banget. Indomaret pasir angin gadog
2020,@nisrinanoo dadi pengen?
2020,@andinidini4_ mauu
2020,@nurjihhan de bikin de wkwkkk
2020,@alimuhammad_r4
2020,@nathaniav_ gass
2020,@cintyayd beli oo
2020,@selalaalaa_ ayooo nyobak
2020,Ngomongny satar banget?
2020,@m.esarr bili akn
2020,@cintyayd sosis ee uakeh
2020,@susmitaaputri
2020,@fdlahnalole
2020,Ya pantes nyari di indo sama alfa gak ada ternyata diborong semua ma dia?
2020,@riellamoe_ kurang tw ee
2020,Di indomaret ambon ada kha zg sosis nya ? @pattiasinabrian
2020,@ikapus__
2020,@hollaaamarie
2020,di dalem kamar aja ada oven klo di dapur make nya udh tungku kali ya
2020,Enak bget tinggal borong ???
2020,Dia ini content creator yg suka masak2 dlm kamar kan? Klo boleh tau ortu nya kerja nya apa ya? Stuff dan makanan dia kita tau itu gk murah2 smua...
2020,Koq mirip sama @daraarafah
2020,@jundaarum
2020,@kdfiraaa
2020,Oh jadi ini yang bikin kanzler langka di Indomaret??
2020,@putriani07_ kita minta ya uang nya sama @alwims11 Hehe
2020,@mely.sabrinaa_  beli yang hot
2020,"Goblog,pamer anying...bagi dong anying...gw pengen anying"
2020,"@inishelfiraa_ enak kog, sosisny tu padet gitu enak buat di makan langsung atau dicampur mie"
2020,@nurulhuda29_ enak?
2020,@zhi_nurhalizah enak g si?
2020,@ichinvtptr tempat kita ada gak sii?
2020,@yuniapriyn dahlaaa
2020,@indomaret tambahkan variasi rotimu dgn sosis ini?
2020,di kamar nya ada oven? seru amat
2020,@egasefitrii enakany??
2020,Pingin @bachrudin_ar_rasyid
2020,enak nih @ajipranoto5
2020,Beli sosis ieu yeuuuu @jatiz_ayu.967
2020,@cahyoodwi_ @veliasss_ @nadyaaandr_  wht do u think?
2020,Oohhh jdi ini nih yg ngabisin kanzler di minimarket @noviarchma_
2020,Menarik
2020,Enak nya
2020,Did she use brush for makeup ?
2020,@nurulhuda29_ wkwkwk beber banget. dulu selalu ada. skrng bentaran aja abis.
2020,Pen sosis ini @hanifahevans
2020,@ichinvtptr mauu ituu?
2020,Oalah ini penyebab kanzler habis dimana mana :( wkwk @interval_berjarak
2020,@dewiiky_
2020,Kok pinter sekali
2020,Nih ya kalo pengen ada lapisan shiny nya gula nya gk bolek kasar
2020,@yunita_supriyatin hahahaha... Dapet temen ya..
2020,@alif_ms gu kaya @siscakohl kan smlm bkin brownies dkamar check ?
2020,@chaekisses_ mkst ku pake bahan bahan nya itu ntr dikukus sj AHIHIHI
2020,@yayadiariess tp mau si kue nya
2020,@yayadiariess klo cara sisca khol aku mundur ??
2020,@chaekisses_ mw ini egk ?
2020,"@restiarps ? msa kang budi marah, kan kta bgi jga nnti yuk??"
2020,@seftianashinta nanti dimarah kang budi ?
2020,@restiarps bsa kta cba di krjaan yuk
2020,@fitriutari_23
2020,Aku pake mixer Samsung
2020,@alpines27 sama hihihi baru mo bilang ayakan anak sultan ternyata sama hihi
2020,@miftahul.j.e alat nya murah
2020,@muhammad.ridho6768 pake klencut tu? Tp yg lain murah kok. Margarin dan minyak goreng
2020,Coklat nya fix mahal @miftahul.j.e
2020,@cuna.11
2020,Ortunya ko gapernah dipost
2020,"@siscakohl ka takarannya brp gram ya, mau langsung praktekin"
2020,Kenapa Gaada sesi cuci piring nya ya?
2020,@ririn.jayantii ????
2020,@alpines27 sama sis ? baru mw ngetik gini jg wkwkw
2020,Akhirnya ada jg yg aku punya di rumah (ayakan) ?
2020,Pengen bikin tapi mager?
2020,@shamna.humaira nah
2020,Brapa gram bahan nyaaa
2020,@dwftwna_
2020,Omg pake frypan steincookware
2020,@mudakirann
2020,Angkat aku jadi adek mu
2020,@dickyfdllh_  apa apa bikin ny di kamar kek gaadak dapur:v
2020,Bikin anak di kamar cheek??
2020,@refiamrih @nabellapuspanadia
2020,Se
2020,Kak
2020,Kakak sekarang kelas berapa kak? @siscakohl
2020,"pgn buat iniiiii , buat yokkk@fitrie_nc"
2020,@vlrytiaraf_ gas
2020,gawe iki yo glm rak @lvymoree
2020,@gloriamrgta_  callebaut kayaknya
2020,kepoin ig kami yuk?
2020,@wulan.amalia.5243
2020,@evaynzr__
2020,Kak tutor bikin brownies tapi simpel banget dan Pake cocolatos dongg
2020,@inachafanny
2020,@wyn_njel
2020,Kakkk tambahin takarannya dong?
2020,Takaran bahannya dong gmn mau bikin
2020,"Berapa gram coklat,terigu,coklat bubuk,trs margarin nya"
2020,@anandyavirani22
2020,@nabila_alhaque okeh siiip
2020,Maaci lohh kakk.. Aku udah lama nyari resep iniii?????
2020,@hksaabn ayookkss
2020,@punjaa_ @lthfaa_mfdhh mauuu buatttt
2020,Bosen di kamar mulu di ujung monas ke sekali kali gitohh
2020,"@sadiyah_elfikr ka bikin ini ajah, aku ajah yang bikin buat bang jep??"
2020,Minta dong takarannya hyung
2020,@fitrirahmadinii_ gaslah?
2020,@evaynzr__ piak ne teh
2020,Kok kayanya gampang banget
2020,Mejanya ga ketinggian kak?
2020,Takaran pastinya berapa ka?
2020,"kok kalau gk ada adeknya sepi njir, dahal dia cmn senyum senyum doang, serasa hampa"
2020,@yuliftrwln tuh gampang
2020,@nisaamalia925 tehhhh nntiii buat
2020,"Niat ada, bahan bahannya gaada ?"
2020,Mirip jane?
2020,@kelll_viraaa ekspektasi vs realita
2020,@kiara.aura
2020,@inezvarnella
2020,Kamar isi oven gaesss ??
2020,Coklat yang dilelehkan nya coklat apa ka?
2020,@sleepypandq_ ayosuda
2020,Mirip Jessica jane
2020,Takarannya brp kak.. ?
2020,Bisa bisa nya gw kira Jessica Jane
2020,@septiwahyuni20_
2020,Tumbenn adeknya ga diajakk?
2020,@dsxla yu buat des
2020,@fitria.djamal
2020,Mirip kak @jessicajane99 versi gendur dkit
2020,Coklat yg dilelehin beliny dmn kk
2020,Takarannya dong kakk
2020,"Kak, sama takarannya donk?"
2020,Mixer mito beli dmna
2020,"@abin2857 mirip, gue pikir juga jessica jane"
2020,@almzlh
2020,Bjir jessica jane
2020,dia mah bkn kue lah bkn apa aja di kamar nya bisa gede alatnya lengkap ya di kamar gua apalah faya?
2020,@petenobii ini jugaa
2020,Maaf ka bercanda hehe
2020,Kibas montelnya aa teteh?
2020,Salut gue walaupun anak sultan mereka jago masak
2020,Jesica jane versi tembem?
2020,Pengen takaran nya kaaa
2020,@uswatunfebrianii
2020,skip pake oven
2020,gas @annisacahayaaa_
2020,@dinasofiana15
2020,@samiyaratu
2020,Utk buat adonannya
2020,Bisa minta resep dan ukurannya brp gram ya
2020,bikin ini di kamar chekk semua bergantungan kamar sama chekk???
2020,Ky aunti annes yaa
2020,@zmulyanaa @nurulmarhamaa
2020,@merryindrayani enak sis itu rotinya kya rotinya aunty anne???
2020,@harisa_maulidza gw ngiler njir ngeliat feeds nya cici sisca kohl ?
2020,Coba ahhhh yuk kita coba @innoblrd
2020,"Kak di resep kasih gramasi nya juga, biar bisa ikutan bikin ? gak ada takaran nya, bingung mo ikutan bikin ?"
2020,???
2020,@maskerbordir_surabaya bikinin ?
2020,@auliaftya ini lo lill... Eskpresina ngikutin ini?????
2020,Ca??'ffFfDddq
2020,Kasih takarannya dong kalo ngresep
2020,Kak mau nanya emang kalau pake terigu biasa ga pake terigu protein tinggi gpp?
2020,Lu gak punya dapur apa. Apa apa di kamar gw aja yg bukan orkay punya dapur ???
2020,@jefryantony08
2020,Pengennnnn
2020,@chylcyme_ @dhindaratri
2020,Lama2 kamar bau nya kayak pujasera ??
2020,ko ga dikasih berapa gramnya ya? ?
2020,Gemoi
2020,wong takarannya gak ada
2020,ini tutorial apa cuma maen buat aja sih
2020,@niaaagstn_
2020,@niirmalarikza
2020,@femonic06 yang manis juga ada lohh
2020,@galacxxtea_ mayan miri broo
2020,Wahai Pecinta pretzel @akfinii_ ?
2020,Entah ngapa bukannya aku ngehujat cmn bosen aja gitu konten chack check chack check gada yg lain gtu? ?
2020,cinnamon please ?
2020,ini takaran air dan gulanya brp byk ya
2020,Liat vidio ini malah pengen mixernya bukan pretzelnya?? lucu bgt?
2020,@galacxxtea_ akuuu lagiii ?
2020,adeknya kek intan? @muthia.abdillah  @intanpryn
2020,Ovennya baru anboksing dong???
2020,@marshaadra
2020,"Mah, kenapa ragi ku berbeda?"
2020,Selalu lihat ke depan
2020,@__landsasatyybxx ??enak banget ?
2020,Ini loh roti yg aku bilang pretzel @bamssustanto
2020,Takarannya donggg
2020,??????
2020,Omg... One of them resembled with your sister? face @dariga_0715
2020,Enak soalnya pake mentega ?
2020,yuk intip tips & tricknya di @beautycaredvn
2020,@nblaaftryn gada alat dan bahan ?
2020,@nurrultshifa atau ga kita jadi yang gini?
2020,Anak orng kaya
2020,sedikit saran klo ragi fermipan jarang yg aktif trs agak mahal juga aku biasa bli yg merek mauripan itu dia cepet ngembang (ini si opsi aku ya kalo tetep pke cara sendiri gk masalah)
2020,T-tapi ribet n takut dimarahin emak dan pasti gak boleh?
2020,ayo bikin ini @priezevi
2020,Dikamar tidur min?
2020,@karinaindah
2020,Sumpa gw g fokus
2020,@deliaslshsy ke jadi na jiga podol?
2020,@novitahndynii @julyt66 jadi pen nyoba
2020,Hallo kak
2020,@aditadrs_ @nzwaps_
2020,Btw peetzel sebelum di panggang direbus ya bukan direndam doang
2020,Apa cm gw yg ga suka cinnamon ?
2020,@niirmalarikza ?
2020,@corneliadiane
2020,"@ndymumpuni beli aja udh paling enak, bikin dulu kburu uda gak pingin ?"
2020,@khaidarjamila yeaaaaaaaaayyy. Maoooooooooooooo... hehee. Izin ya ntar boleh main dirumah balu muuuuh bibeh manjalitakohhh...?????
2020,@alvi_rubi kali mo bikin??
2020,@hikmah353 anjayy.. rasa ingin mencoba ?
2020,@arfnurr udah 2x bikin tp dr adonan donat wkwkwk
2020,@hikmah353 hahaha bisa nih bikin dirumah
2020,@arfnurr
2020,me nek bikin dadi kek tai neh kek churos?@putrimeilani_
2020,@marselinahc enak
2020,@dheby_hilyandra mungkin adonannya bnyak
2020,@skhodijah88
2020,Izin simpan ya mksh
2020,@vitacminc_
2020,????????????????????
2020,@_zubai.dah kutunggu kepulamganmu ke medan yee.. kita buat d rmh Berjaya
2020,@khaidarjamila ?
2020,salfok mito nya
2020,"@femonic06 sbnrnya ada asinnya juga sih, gak pyur manis krna dasar tepungnya dari GANDUM belancelah, bikinnya juga seru ? jdi keinget wktu kerja di AUNTIE ANNE's 2th yg lalu"
2020,???
2020,Full kalori
2020,Yumm?
2020,Nah akhirnya sama ka Aliyah juga?
2020,Angkat aku jd adek mu kak?
2020,???
2020,kak bikin video home tour dong ??
2020,.
2020,@abybo
2020,Itu gak salah raginya sebungkus ??
2020,Pen bikin tapi ribet?
2020,Ihh mixer nya lucukk warna pink?
2020,Aku tuh nonton video kakak bikin makanan di kamar sampe aku ikutin masak di kamar
2020,@femonic06 nice info kk?
2020,@k.lmahmad intinya klo bilang "Pretzel" doang itu ekspetasinya yg asin. Tp klo blg "cinnamon pretzel" baru yg Manis. Walaupun demikian. Original nya itu cm ada yg Asin. Ngga ada yg jual klo yg Manis disini (FYI aja yah) so macam makanan2 lain tentunya byk yg bikin variasi nya sesuai keinginan dan cipta rasa sendiri.
2020,@k.lmahmad tau. Wong saya tinggal dieropa.
2020,"@femonic06 Pretzel?adalah sejenis kue yang berasal dari Eropa. Kue ini berupa tiga simpul yang biasanya hadir dalam dua rasa, asin, dan manis.?Pretzel?ada yang lunak dan ada pula yang keras.?. Nih barusan googling"
2020,Kakkk
2020,ngilerr ??
2020,Gua makan dikamar aja emak gua ngoceh" lah ini apa bae masaknya dikamar ???
2020,Kita buat juga kali yaaa @azeeyaa_ ?
2020,Anti Gagal... berarti sering gagal cece
2020,Go  jelas
2020,Mantap
2020,@iskobarv ini nah mudah nn kan
2020,?-?-?-?-?-?
2020,@tr.yas
2020,@nurikalaras
2020,@ratuu.g.k ehem ??
2020,Adeknya ngga diajak lagi berantem kah?
2020,Suka bgt liat dia
2020,"Emng merek Haan enak ?. Apalagi es krim nya, kak nanti bikin yg eskrim nya dong?"
2020,Bikin anak dikamar cekkk
2020,Segerrrrr temen nya pas sambil nyemil @morisoles_ ?
2020,Tumben adeknya ga di ajak kak?
2020,Keren kak
2020,Enaaaak
2020,Gak ada ka aliyahh ?
2020,Enak banget pastiiii???
2020,Pen buat tpi mager??
2020,Duh ngiler?
2020,Coba ah ??
2020,Merk pancinya apa kak
2020,"Kalo ada yang ngehujat kaka ini emang ga ada akhlak deh... Udah cantik, pinter masak pulaa ?????"
2020,Siska khol aja makan pake tangan
2020,??
2020,????
2020,??
2020,????
2020,aliyah gak bisa makan pake tangan????
2020,@denygunawan___ sama
2020,salpok ke susu beruang nya ??
2020,@shaziayasminn iya??
2020,Aliyyah gk bisa makan pke tangan??
2020,The real Muluk (Makan Pke tangan)
2020,Mkn pke tgn check
2020,@haritzfaiz aku senang banget??
2020,@syahrilramadhanjhi202 woii itu kulkas ama indomaret lebih menarik kulkasnya dia anjim
2020,Apapun makanannya nasi harus ada????
2020,"@clubantikere makanannya enak semua, harum enak"
2020,"Belum matang itu atuh ayamnya, masih merah"
2020,P
2020,Kamarnya apa ga bau kak dibuat masak masakan terus
2020,@oliviamargaretha_
2020,Kulkas nya kek Alfamart
2020,@ahlanfajri uhuyy
2020,"Jadi lapar, check ??"
2020,Kulkasku insecure melihat ini
2020,liat makanya itu lo nyedepin
2020,Apa dayaku yang masih harus extra berjuang untuk memperoleh itu semua ??
2020,@hotiem_ yes
2020,siska tanggung jawab gue pengen??
2020,Wahh centong nasinya dari emas?? wahh emasnya bisa dimakan... ??
2020,Ayamnya masih mentah??
2020,@nurafiarosi ini kan ??
2020,Ayam nya kayak nya kurang masak deh
2020,Salfok sama susu beruang nya ??
2020,@umay_cecaria sama wkwk
2020,kamar aja udah lengkap bngt alat masaknya. gimana dapurnya udah kaya supermarket mungkin ya??
2020,Gw salfok ayamny msih mentah gk sih??
2020,@wikemln wkwk????
2020,@tia19_ Serasa kulkas alfa check
2020,@bulannov23 mmpus?? Btw follback yah bund??
2020,"@justmeneuwwu aku prrnah beli poka** sweat di abang asongan,waktu itu di sebuah taman aus langsung minum aj,stlh botolnya kosong baru ngecek,tgl expired nya 2 bln lewat,???? untung ga mati biasa aj fine2 ga ada keluhan apa2"
2020,@bulannov23 awokawok ?? di upload nya 2020 tpi.. Sans??
2020,@justmeneuwwu nov 2020??????
2020,@laudyah_ptrie huhu ngakak??
2020,@justmeneuwwu masih 2021 expired nya
2020,Salfok sama susu bear brand nya :(
2020,??
2020,Itu bumbunya kadaluarsa gak sih?
2020,Saya orang .minang
2020,Salfok tgl expired ny??
2020,Kak coba riveiu es krim rasa popcorn
2020,Buseeet itu kulkas nya udh kyk di alfamart anjirrr????
2020,@mikoharukii kamar ??
2020,Salfok sama centong nasinya..??
2020,@zahrakhairen seluas ruangtamu kita we????
2020,Yok mending ke padang lanngsung aja??
2020,"Waahh dahlahh, inisih udah pasti enak."
2020, cobain keseruannya sekarang
2020,@rizkyramdhany23 hoh
2020,@tania.wey bukannya lebih enak? Kan sakitan di gebuk??
2020,@rizkyramdhany23 lebih kejem ghosting sih
2020,@tania.wey lebih kejam di pukul dadanya atau diraba? ??
2020,@rizkyramdhany23 kejammm
2020,@tania.wey ayuu... Ganti gantian juga gpp. kamu dua kali saya sekali??
2020,@rizkyramdhany23 leg leg an ekwkw
2020,@tania.wey Madigebuk di bagian mana??
2020,@rizkyramdhany23 sini gebuk
2020,"Beneran ga di endorse tuhhh????,tapi sampe kerupuknya dari uni lili, tapi gua suka banget sih liat mereka berdua masak ,uhh kadang gua ikut ikutin resep resep mereka dan hasilnya lumayan donggg ??"
2020,Kerupuk kulit bumbu basah @rhmdnadl
2020,@z29x.vyn sendok.nasi ku pake kayu????
2020,Salfok Ama sendok nasi nya emas
2020,@piilestari mari kita coba
2020,@fani_mz
2020,Kamarnya udah kek warung
2020,??????
2020,Salpok sm susu bear brand ny????
2020,Enaaak bangettt.????
2020,Seneng banget akhirnya apload juga????
2020,Orang kaya gini ya gw salfok ma kulkas + isinya serasa kek di Indomaret????
2020,Yuchang!
2020,Jadii genduut gaes saking enaknya??
2020,@rizkyramdhany23 ??????
2020,??
2020,@rizkyramdhany23 dari pada bli makanan d luar kan ga higienis y ga bro??
2020,@rizkyramdhany23 bisa ae abang ini????
2020,"@zhyani_sarah yaudh tunggu dirumah ya,..Besok OTW bawa besan. gk perlu  ribet"" Yg penting bisa masak??"
2020,@siscakohl kak tolong cek DM??
2020,@rizkyramdhany23 alhamdulillah bisa lah.tapi klo rendang opor mah blm takut gagal????
2020,@zhyani_sarah tpi kmu bisa masak?
2020,@rizkyramdhany23 ?????? klo ga bisa masak cewek lebay.ini aj ank sultan bisa masak loh?? cewe biasanya d luar suka ala ala sok mnja pura pura ga bisa msk
2020,@rizkyramdhany23 bener.. yg anak sultan aj pinter masak... walopun di dalam kamar..
2020,"Skarang semua bisa serba instan. kalo lo masih bilang gk bisa masak, gw gebug dadalu"
2020,Bungkuih ciek ni ci
2020,Seneng bgt denger aliyaa bilang rndang
2020,"@siscakohl semangat kaaa ujiannya,kalo aku udh baru aja??"
2020,Yummy ??????
2020,Yahhh jd pgn rendang pdhl ud malem juga????
2020,Masak bareng orang tua donk??
2020,Kamarnya seluas apa tuh kakk smpe ada kulkass????
2020,@siscakohl semangat ya kak sisca
2020,@siscakohl semangatttt cantik??
2020,Favorit????
2020,Aku bungkuss ya????
2020,@sisca.kohl.fans aku ada ujian minggu depan ?? jadi aku lagi sibuk belajar nih
2020,dari centong nasinya aja udah waw ????
2020,Pamer jempol bawah
2020,Kl mau nunjukin barang baru gk usah disebut harganya jatohnya kayak orang norak
2020,"Setidaknya mereka gaada banyak drama, gak pansos, dll.. G ada omong kasar.."
2020,Cara pamer dengan halus
2020,Enaknya jadi orang kaya
2020,Cantik banget
2020,"ini org kaya tapi rendah hati, ntah knp aku liatnya gitu"
2020,Suka bgt liat dia
2020,Enak banget pastiiii
2020,"Kalo ada yang ngehujat kaka ini emang ga ada akhlak deh... Udah cantik, pinter masak pulaa ?????"
2020,IDEnya bagus
2020,Gemoyyy liat pipi kmu
2020,Udh punya dan emang seenak itu
2020,Tarok di mukalu noh bsa ga
2020,Siapapun kalian curi ini mesin ice creamnya Sisca..biar tidak meresahkan
2020,"Mereka bs bikin apa aja y...bisa beli apa aja,tapi ko kayanya hidup mereka kesepian"
2020,Pasti kenalan orang dalem
2020,Wahh ikut senengg
2020,"Ikut seneng?? Bangtan emang baikk bangett deh????, congrats kak Sisca n Aliyya"
2020,Alay banget
2020,Selamat ya kak Siska
2020,Selamat kakak
2020,Kak kamu cantik banget
2020,Kakak imut + cantikk
2020,Mirip ibu ibu mukanya udh kerutan
2020,"senyumnya tu loo, ikhlas bgt"
2020,Imut n lucu
2020,"Tp pintar ya bisa buat apa aja, kalah emak"
2020,ini kreatif sih! adenya cans bgt pdhl gpake mekap ap2 kolongmerat emg bedaah
2020,"Lucu, besok bikin buat anak"
2020,Makan tempe doang masuk tv
2020,Masuk tv kak mantappp
2020,Sukses teruss ka sisca
2020,Selamat ya kak semoga sukses selalu
2020,Semoga kakak terus berkarya
2020,Selamat kak sukses terus ya
2020,"Keren kak,KK smapai masuk TV"
2020,suka konten dan video klian???? sukses trs yaa
2020,Pamer rumah doang anjng
2020,Anak pamer rumah be like
2020,widih viral cu hebat banget kk
2020,"Selama tidak dengan cara menyebalkan gpp ka, lanjutin aku dukung"
2020,Terus lah berkarya dengan kemapuan bukan dengan sensasi
2020,sukses terus anak cantik
2020,kak& adek sukses dg ide2 yg kreatif
2020,Kenapa mukanya harus liat kamera terus sii
2020,Knpa aku jadi fokus yg bikin ya bukan ke adonannya
2020,Tutorial yang sangat informatif sekali
2020,Emang konsepnya pake intonasi yg memuakkan gitu yahh
2020,Gaada dapur?
2020,Beuuh sini sih bikin ngiler
2020,Cara sakit diabetes
2020,Enak amet yak hidupnya???? mudah mudahan nula
